{
  "weights": [
    0.00048715294198496147,
    0.0005416290032731039,
    0.0004997979582243258,
    6.416347346268085e-05,
    0.0006229181121610209,
    0.0005906575133071689,
    0.0005296700153067408,
    0.0008948960649432081,
    0.0022186860886526027,
    0.00364095359891585,
    0.0018540382250784658,
    0.002085537166957182,
    -0.0011182174124719846,
    0.0030925578175347757,
    0.00285068067892505,
    0.0022740306770059034,
    1.121385695029375
  ],
  "bias": -0.1602012245817238
}